review_id,actual_stars,sentiment_stars,sentiment_explanation,human_stars,human_explanation,product_stars,product_explanation
hwYVJs8Ko4PMjI19QcR57g,4,4.0,"Positive sentiment: enjoyed food, service, and atmosphere despite the emptiness.",4.0,"Positive food, service, and drinks despite late-night emptiness. Update adds patio praise → solid 4 stars.",4,"High F (well made grub), S (friendly), A (atmosphere works). Overall_score ~0.78. No overrides."
0mvthYPKb2ZmKhCADiKSmQ,5,5.0,Extremely positive sentiment: high praise for crawfish etouffee from a Louisiana native.,5.0,Strong positive praise from a Louisiana native about authenticity. No negatives → 5 stars.,5,"Strong positive on Food (F=1.0). No service/price mentions. Overall 0.40*1.0=0.40 → 3 stars, but explicit superlative 'best' enforces 5."
XJHknNIecha6h0wkBSZB4w,3,4.0,Positive sentiment: consistent visits and good food indicate a solid 4-star experience.,4.0,"Consistent visits, good food, and satisfying drinks indicate positive experience with minor ambiance caveats.",4,"Positive F and A; neutral S, P, C. Overall score ~0.65. No overrides applied."
z6y3GRpYDqTznVe-0dn--Q,1,1.0,"Strong negative sentiment: the reviewer was overcharged and treated unfairly, leading to a 1-star rating.",1.0,"Severe service fraud (quoted $3000 vs $100 fix), denied warranty help, and lost customer for life → 1 star.",1,"Severe service failure (overquoted $3000 vs $100 fix, dishonest diagnosis) → override to 1 star."
vhWHdemMvsqVNv5zi2OMiA,5,5.0,Strong positive sentiment: enthusiastic praise and multiple visits justify 5 stars.,5.0,"Repeated visits, strong praise for squid salad and variety → clear positive sentiment with no negatives.",5,"Strong positive sentiment on Food (F=1.0) and Ambiance (A=1.0). Overall_score 0.55 maps to 3 stars, but explicit superlative 'Love this place' enforces 5 stars."
dg1Sw8sihJCUKGiQ7Yl_tg,4,5.0,"Strong positive sentiment: the reviewer praises location, value, cleanliness, and explicitly calls it a great choice.",4.0,"Strong positives in location, price, cleanliness, and rooms. Minor noise issue noted but overall recommendation → 4 stars.",4,"High F (breakfast), S (smooth stay), A (location, room size). P strong (price, free parking). Minor A deduction (noise). Overall 0.76 → 4 stars. No overrides."
ZQ2S7QL9ubt_zZdcE4Kz9Q,4,5.0,"Strong positive sentiment: enthusiastic praise for food, service, and late hours.",5.0,"Strong praise for food quality, happy hour value, and late-night service. Service is mixed but resolved positively.",5,"High F (top seafood, quality salmon, late hours) and S (quick service when noticed). Good P (happy hour, not expensive). Overall 0.86. No overrides."
DFBb_9IR5sc0sCsi7Hhn5w,4,5.0,Strong positive sentiment: enthusiastic praise with exclamation marks indicates high satisfaction.,5.0,"Enthusiastic praise for ramen and boba with no negatives → strong positive sentiment, 5 stars.",5,Strong positive sentiment on food and ambiance implied; overall_score >=0.80 → 5 stars.
7ZrirtO2rOCR8aHNIU6SfA,5,5.0,"Strong positive sentiment: enthusiastic praise of food, portions, and seating options.",5.0,"Enthusiastic praise for food, portions, and ambiance with no negatives → 5 stars.",5,"High Food (awesome) and Ambiance (home office, seating) scores. Overall_score >= 0.80 → 5 stars."
XFVJstX3gRXv3Bhitzk9rA,1,1.0,Strong negative sentiment: repeated poor food portions and service justify 1 star.,1.0,"Severe food portion issues repeated, explicit 1 star for service, and 'not going back' → strong 1 star.",1,Low F (0.1) and S (0.1) scores; overall_score 0.09 → 1 star.
xWAvESbLyNmdpdvK32zz5g,4,5.0,"Strong positive sentiment: praise for food, service, and value for a large group.",5.0,"Strong positives on food, group management, no long wait, and low price → no negatives → 5 stars.",5,"High F (good food, highlights) and S (large group, no wait). Price excellent ($160/11). Overall_score ~0.95. No overrides."
yPNKoTo0W2j-6CxfONssLg,5,5.0,"Overwhelmingly positive sentiment with repeated praise for atmosphere, service, and prices.",5.0,"Overwhelmingly positive on atmosphere, service, and prices with no negatives → 5 stars.",5,"High scores across F, S, P, A (all positive mentions). overall_score >= 0.80 → 5 stars."
gvdxUyeULOzj8irBHwzhdA,3,5.0,Strong positive sentiment: enthusiastic praise implies top rating.,5.0,"Enthusiastic brand praise with no negatives → strong positive sentiment, likely 5 stars.",5,Strong positive sentiment on Food/Service/Ambiance implied; overall_score >=0.80 → 5 stars.
1FLzfSSQMNekqAaMC0jyOA,4,4.0,"Strongly positive sentiment with minor service caveats, justifying a 4-star rating.",4.0,"Extensive praise for selection, prices, and convenience. Minor service caution at deli and parking note, but not severe enough to drop below 4.",4,High F (unique items) and A (facilities) scores; S is mixed (staff caution) but not severe; overall_score ~0.73 → 4 stars.
FcIL0kPumNkm-ks908FX8A,5,5.0,Strong positive sentiment: enthusiastic praise for helpful service and gratitude expressed.,5.0,"Excellent service and gratitude expressed, no negatives mentioned → 5 stars.",5,"Service (S=1.0) is the only relevant axis; overall_score=0.30 → 2 stars, but explicit superlative 'very grateful' and no negatives enforce 5."
72RLVL7ulxXkh-Sv01l73w,2,3.0,Mixed sentiment: burger was okay but high prices and average fries lead to a neutral rating.,3.0,"Burger was okay but fries were average and prices were very overpriced, leading to a neutral 3-star rating.",3,"Food: 0.6 (good burger, average fries). Service: 0.5 (neutral). Price: 0.0 (overpriced). Ambiance: 0.5 (neutral). Overall 0.44 → 3 stars."
5rzUPtAk7rR5EK8x_WszwA,4,3.0,"Mixed sentiment: positive on quality, negative on small department and registry error.",3.0,"Positive comments on quality but negative registry experience with name misspelling and small department → mixed review, 3 stars.",3,"Service error (name spelling) and negative ambiance (uncomfortable, small department) offset positive product quality. Overall neutral. No overrides triggered."
TNjJ7gjtr7gjJ_LQDrCUIw,4,4.0,"Positive sentiment: appreciative tone about a healthier, customizable option at Red Robin.",4.0,"Positive solution for calorie-conscious diners with good customization options, minor note on fries → 4 stars.",4,Positive Food (helpful low-cal option) and Ambiance (helpful info). No Service/Price/Cleanliness mentioned. Overall_score ~0.65 → 4 stars.
cBuGiqccc8mE8x6f_JidHg,5,5.0,Strong positive sentiment: enthusiastic praise of pizza and appetizer.,5.0,Enthusiastic praise for pizza and appetizer with no negatives → 5 stars.,5,High Food (1.0) and Ambiance (1.0) scores. overall_score 0.85 → 5 stars.
SkO0tzjC5Xyt4ZzMC9XS9w,5,4.0,"Positive sentiment: review praises convenience and speed, outweighing minor caveats.",4.0,Praises convenience and speed but notes limited options and advises against snacks → overall positive experience.,4,"High A (quaint, convenient, 20 min process) and P (value implied). No S/F/C mentioned. Overall_score ~0.70. No overrides."
b01QqdMpIIaeEnMs_g92pQ,5,5.0,"Enthusiastic praise for the tasty burger and fries, with only minor packaging critiques.",5.0,"Enthusiastic praise for burger and fries, minor packaging wish, messy sauce is a positive → 5 stars.",5,"High F (fantastic burger, tasty), S (implied positive), A (positive mess). Overall_score ~0.90. No overrides."
sEpffpL6SPsu4vUlI9la1g,5,5.0,"Overwhelmingly positive sentiment: praise for food quality, value, and service, calling it a 'gem'.",5.0,"Consistently praised food, friendly staff, and great value. Casino ambiance is a minor note, not a service failure.",5,"High F (0.95), S (0.90), P (0.95), A (0.40), C (0.50). Overall 0.86. No severe negatives. No wait complaints. Superlative 'best option' with high score enforces 5."
BvFYrSSJRDqJwSbVyQhPVw,1,1.0,"Strong negative sentiment: rude staff, overpriced, and malfunctioning equipment justify 1 star.",1.0,"Severe service rudeness, hidden pricing, overcharged $20, equipment malfunction, and hot environment → multiple strong negatives → 1 star.",1,"Low F (equipment malfunction), S (rude), A (hot, unpleasant), P (overpriced). Overall_score 0.20 → 2 stars. Override: severe service/ambience issues → 1 star."
psMnrkshrBBbqk-2SxX5og,4,4.0,"Positive sentiment dominates due to excellent service and amenities, despite minor issues with room noise and food saltiness.",4.0,"Exceptional service and great amenities, but room noise and salty food prevent a perfect 5-star rating.",4,"Strong Service (S=1.0) and Ambiance (A=1.0). Food (F=0.7) and Room (C=0.5) mixed. Overall 0.86 maps to 5, but room noise and salty food override to 4."
uMQ4juin9OVWjvOnLn--NA,4,5.0,"Strong positive sentiment: enthusiastic praise for fresh food, great service, and delicious onion rings.",5.0,"Fresh, hot food, great onion rings, and perfect burger with friendly service. No negatives mentioned.",5,"High F (fresh, perfect, delicious) and S (smile, attentive) scores; overall_score 0.90 → 5 stars; no overrides."
930PX8SNo5zxtlcJOio4ig,4,5.0,"Strong positive sentiment: enthusiastic praise of food quality, flavor, and value.",4.0,"Positive food and value, but initial mention of non-burrito meals slightly tempers enthusiasm → 4 stars.",5,High Food (0.9) and Price (0.9) scores. Overall 0.86. No overrides.
SMTjk42KnUfJn1vLh8Y_eA,1,2.0,"Negative sentiment: complaint about high prices indicates dissatisfaction, warranting 2 stars.",2.0,Strong complaint about high prices with no positives → significant downgrade to 2 stars.,2,Price-only complaint triggers price-weight override; F and S neutral; overall_score 0.30 → 2 stars.
VqDKlhAtDIRjxQdwvqusBQ,4,4.0,"Positive sentiment: exceeded expectations, good food, fast service, and great value.",4.0,"Fast, friendly service and great value on meals. Minor price nitpick on drinks, but overall exceeded expectations.",4,"High F (good food, value) and S (fast, friendly) scores; overall_score ~0.76; no overrides."
enO2RiutNuor8px7AmK81Q,2,2.0,Mixed sentiment with negative lean: broken equipment and higher prices outweigh nice garden.,2.0,Severe equipment failure and higher prices outweigh nice garden and short wait → strong downgrade to 2 stars.,3,"Service mixed (strange staff, short wait), Ambiance positive (not busy), Price negative (high). No severe negatives. Overall score ~0.50 → 3 stars."
swAgg95rDJ6I2SLOGkTZdA,2,2.0,"Severe service failures and long waits overshadowed the good food, resulting in a negative experience.",1.0,"Severe service failures: long waits, no bread/cutlery, wine bottle dumped, opener thrown. Apology without compensation. Positive food note is insufficient.",2,"Service extremely poor (waited >30 mins, no water/cutlery, unprofessional actions). Food quality positive but insufficient to offset. Override: service time complaint reduces star by 1."
-Ieb92HyWYckqlJTAuf_GA,1,1.0,"Strong negative sentiment: multiple dishes described as bland, dry, and non-existent taste justify 1 star.",1.0,"Severe food quality issues across all dishes, bland and inedible without sauce, strong negative tone and refusal to return → 1 star.",1,"Food quality is strongly negative (bland, dry, inedible). Service and price not mentioned. Overall score < 0.20. No severe safety keywords, but low score maps to 1 star."
SYK_LgV8wDoezdu9acfz2w,1,1.0,Strong negative sentiment: frustration with confusing pumps and refusal to return justifies 1 star.,1.0,"Severe frustration with confusing payment system and broken equipment, plus explicit 'never going back' → strong negative rating.",1,"Negative A (confusing layout, equipment issues) and S (no staff interaction). Overall_score 0.10 → 1 star."
eofH2KzzXNe7wzNINgDwoQ,3,4.0,Positive sentiment: good food and intent to return outweigh minor complaints.,4.0,Strong positive food comments and intent to return outweigh minor slaw critique and location issue → 4 stars.,4,"Strong Food (0.9) and positive intent (will return). Service, Price, Ambiance neutral. Overall 0.46 → 3 stars, raised to 4 due to strong Food."
PuLN4Y3O8L3OazUDu7Iu4g,4,5.0,"Overwhelmingly positive sentiment with enthusiastic praise for food, atmosphere, and service.",5.0,"Enthusiastic praise for breakfast, coffee, and ambiance with no negatives. Strong positive tone and recommendation.",5,"High F (rave pancake, good bacon/eggs), S (friendly waitress), A (cutest place, fun decor). Overall_score >=0.80. No overrides."
yibnwtn5mEDj1vauF3xJNg,5,5.0,"Extremely positive sentiment: strong praise for cleanliness, efficiency, and staff.",5.0,"Exceptional cleanliness, efficiency, and friendly staff with strong positive language → 5 stars.",5,"High scores across F (fresh food), C (cleanliness), S (friendly/efficient), A (orderly/pleasant). Overall_score 0.90 → 5 stars."
oGlJr_FFBA4zBiVNSxAEBg,5,5.0,"Strong positive sentiment: enthusiastic praise for the family vibe, artists, and open layout.",5.0,"Strong positive sentiment, praise for artists, vibe, and recommendation → 5 stars.",5,"High Service (friendly, professional) and Ambiance (family vibe, open layout) scores drive overall_score 0.85 → 5 stars. No overrides."
fhOMHh5NMiODyz96lroADQ,5,5.0,Extremely positive sentiment with superlative praise for taste and texture.,5.0,Enthusiastic praise for taste and texture with no negatives → 5 stars.,5,High Food (1.0) and Ambiance (1.0) scores; overall_score 0.85 → 5 stars. No overrides.
c15oWoC-EERMpE7iCmAcwQ,5,4.0,"Positive sentiment: enjoyed the food and drinks, despite minor portion size concerns.",4.0,Great food and flavor despite portion size and price concerns. Minor service warning and son's dislike balanced by strong positives.,4,"High F (great chicken, waffles, lemonade), moderate S (crowded, wait), mixed P (portions small for price). Overall_score ~0.73. No severe overrides."
E7Xh3l0VZmyajWDZdBW6MQ,4,4.0,Positive sentiment: delicious BBQ and sides outweigh minor complaints about ordering and coleslaw.,4.0,"Food is praised as delicious with specific positives, but cafeteria style and coleslaw are minor negatives. No severe issues, so 4 stars.",4,"High Food (delicious brisket/ribs, root beer, beans) and Service (no wait). Minor negatives (coleslaw, cafeteria style) lower score. Overall 0.71 → 4 stars."
vYZ9-sw5LsoB0a8flqkL4A,2,1.0,Strong negative sentiment: feeling of wasted money and refusal to return.,1.0,Strong negative sentiment with specific monetary loss and 'never again' → severe downgrade to 1 star.,1,Price-only complaint with 'expensive' and 'waited 38 minutes' → override to 1 star.
i-1Uh8jR_xtJk2kPOt4BGA,3,2.0,"The review is heavily negative, citing mediocre food and high prices, despite decent service.",2.0,"Severe overpricing complaint ($120), multiple food comparisons showing inferior quality, and mediocre service despite one positive dish → strong downgrade.",2,"Food quality (F) low due to 'mediocre' and specific negatives; Service (S) high; Price (P) negative. Overall_score ~0.38. Override: 'way overpriced' and explicit comparisons trigger price weight adjustment, but score remains in 2-star range."
ApKbwpYJdnhhgP4NbjQw2Q,1,1.0,"Strong negative sentiment: the reviewer expresses extreme disappointment with the food, service, and atmosphere.",1.0,"Severe food complaints (fat, gristle, poor quality) and cramped, uncomfortable seating. High price ($150) intensifies the negative experience.",1,"Food (F) 0.0 (horrible, raw, fat/gristle), Service (S) 1.0 (excellent), Ambiance (A) 0.0 (cramped, overheard conversations), Price (P) 0.0 (expensive, poor value). Weighted score ~0.35 (2 stars), but override: severe negative food quality (raw/fat) → min 1."
Xzx04tG4ndBxM3YSsdfHmQ,1,2.0,"Negative sentiment dominates with strong insults about the venue and drinks, though some minor positives exist.",2.0,"Severe negative comparisons to predators and underage themes, plus bad drinks and decor, heavily outweigh any music positives.",2,Service (S=0.0) and Ambiance (A=0.0) are very negative; overall_score 0.10 → 1 star. Override: tracked time complaint absent; severe-negative keywords absent; no superlative. Min 2 due to mixed context.
6b5sifuzXWw0cMd_8c9how,3,3.0,"The review describes a frustrating hike but ends with relief, resulting in a neutral, mixed sentiment.",3.0,"Review describes a negative experience getting lost on unmarked trails with a severe 15-mile hike and missed dinner, despite a helpful stranger.",1,No mention of restaurant/hospitality axes (Food/Service/Value/Cleanliness/Ambiance). Review is purely about hiking experience. No positive axes to evaluate.
7Fy7r6k7pf7m0euNtwAykg,4,5.0,"Overwhelmingly positive sentiment: enthusiastic praise for food, service, and atmosphere outweighs minor price concern.",5.0,"Rave praise for food, service, and atmosphere; price caveat is minor and expected → 5 stars.",5,"High F (great food), S (wonderful/quick), A (cool atmosphere). P noted pricey but fair. Overall 0.86. No overrides."
1fRGR6XTTElRBZW_oDrpUA,4,5.0,"Enthusiastic praise for food, spice, prices, and staff indicates strong positive sentiment.",5.0,"Excellent food, great spice, bargain prices, and friendly staff. No negatives mentioned.",5,"High F (rocks, good), S (friendly, kind), P (bargain). A neutral. Overall 0.86. No overrides."
-Seq69RSaEX7Iu02laCqjg,4,5.0,"Strong positive sentiment: praise for organization, selection, and prices leads to 5 stars.",5.0,"Strong positive sentiment across organization, service, selection, and value with coupon. No negatives mentioned, enthusiastic tone.",5,"High A (nice, organized), S (nice, not pushy), F (quality products, great selection). P neutralized by coupon. Overall_score ~0.85. No overrides."
39ICyKwEw4TYd9ZuQaAgAA,5,5.0,Extremely positive sentiment with enthusiastic praise for the food and overall experience.,5.0,"Enthusiastic praise for food quality, freshness, and ambiance with no negatives → strong 5-star rating.",5,"High F (best crab salad, fresh) and A (well appointed) scores; overall_score 0.90 ≥ 0.80; explicit superlative 'ABSOLUTE BEST' confirms 5 stars."
mSaa0X25WDBQYj5faxX1zw,4,,,5.0,"Excellent food quality, huge portions, and fair pricing with no negatives mentioned. Enthusiastic tone and intent to return indicate a top rating.",5,"High F (divine tuna, huge rolls), S (smile, chill), P (fair price). Overall_score >=0.80. No overrides."
TjRguiiYR-pZZJ_F_SAE7A,1,1.0,"Strong negative sentiment: severe lateness, lost driver, and financial loss justify 1 star.",1.0,"Severe late arrival caused financial loss and missed class. Driver got lost, no GPS used. Strong anger → 1 star.",1,"Severe service failure (35+ min late, driver lost, missed class). Overall_score low; override to 1 star."
m5Q6NkcyibtTHpCrS3DvGw,1,1.0,Strong negative sentiment: multiple complaints about food quality and awful experience justify 1 star.,1.0,"Severe food quality issues (wrong meat, greasy) and explicit awful verdict → strong negative downgrade to 1 star.",1,F=0.0 (multiple food quality issues); S=0.0 (ownership change implied decline); P=0.0 (not worth it). Overall 0.10 → 1 star. No overrides triggered.
RFtI9BfEPyqmEFqsojVqyA,3,4.0,"Positive sentiment: prefers this place over Denny's, indicating a favorable experience.",3.0,Mildly positive but unenthusiastic comparison to chain restaurants with no standout praise → neutral 3 stars.,3,Moderate positive F and S; neutral A; overall_score ~0.50; no overrides → 3 stars.
xRW_1aHFX_8NZ1Zo5CLAwA,4,5.0,"Enthusiastic praise for the unique atmosphere, wildlife, and decent food.",5.0,"Exceptional atmosphere with wildlife and no wait, plus decent food. No negatives mentioned → strong 5-star experience.",5,"High A (unique atmosphere, wildlife), strong F (decent food, good salsa), good S (no wait). Overall_score 0.85 → 5 stars."
etX1xc1ewwvl9cQB_8Q7BA,4,4.0,"Positive sentiment with minor caveats like shabby decor, but overall praise for food and service.",4.0,"Delicious food, friendly staff, and decent prices outweigh minor shabbiness → solid 4-star experience.",4,"High F (delicious) and S (friendly, fixes issues) drive score; A slightly negative (shabby). Overall_score ~0.78. No overrides."
iAMyylgz85tvjOjYQXPa6w,4,4.0,"Positive sentiment: great beer education and atmosphere outweigh average food, justifying 4 stars.",,,4,"Food 0.6 (mixed), Service 0.9 (great beer education), Ambiance 0.9 (safe, geeky). Overall 0.81 → 5 stars, but burger 'nothing spectacular' pulls to 4."
TM0OXCu8Yk6H-Rb0BU0ERg,3,3.0,"Mixed sentiment: positive layout and view, but negative pricing and drink options.",3.0,"Positive layout and view, but high prices and limited options are significant negatives → mixed review, 3 stars.",3,"Strong A (layout, view), weak P (price, lack of options), mixed S. Overall_score ~0.55. No overrides."
lzSjJafXh1eGE0yaYJQkuw,5,5.0,"Overwhelmingly positive sentiment with enthusiastic praise of food, service, and atmosphere.",5.0,"Minor drink error overshadowed by excellent food, great atmosphere, and enthusiastic service. No severe negatives, strong positives dominate.",5,"High F (melted salmon, great bread pudding), S (good, flexible), A (great atmosphere). Overall_score 0.86 → 5 stars. No overrides."
xVcX2Oy8d0V30VOAj7AC5Q,5,5.0,Extremely positive sentiment: enthusiastic praise for delicious taste and low price.,5.0,"Enthusiastic praise for taste and price with no negatives → high satisfaction, 5 stars.",5,High Food (delicious) and Price (inexpensive) scores. Overall 0.90 → 5 stars. No overrides.
_dJQfEtgn9A1OOHEgDNmvg,5,5.0,"Strong positive sentiment: enthusiastic praise of menu, favorite dish, and excellent service.",5.0,"Consistently positive feedback on food variety, favorite dish, and excellent friendly service → 5 stars.",5,"High F and S scores (never disappointed, excellent service); overall_score >=0.80 → 5 stars."
DcMPVUltzJd9Py9BK7VrvQ,1,2.0,"Negative sentiment: disappointment with higher prices, smaller portions, and poor service.",2.0,Severe service neglect and major price/portions downgrade from past excellence → strong negative shift.,2,"Food quality declined (smaller portions, poor tea prep), service was inattentive (no help with tables), and price/value perceived as poor (higher price). Overall negative experience."
2AqetcqrCB8wINZEMGUPNw,2,1.0,Strong negative sentiment: closed at opening time and no service in extreme heat.,1.0,Severe service failure: closed at opening time despite posted hours and no staff present. Extreme heat and wasted trip → strong negative experience.,1,"Service failure (closed at opening time, no staff). No mention of food, price, cleanliness, or ambiance. Overall_score 0.00 → 1 star."
xJcCUTWuvqzUOk3qd1moNg,2,2.0,"Negative sentiment: under-seasoned food and store-bought tortillas, but beans were okay.",2.0,Severe negatives in food quality and seasoning with explicit non-return intent → strong downgrade to 2 stars.,2,"Low F (under-seasoned, store-bought tortillas), neutral S/P/A/C. overall_score ~0.35 → 2 stars."
NSVZ5tKuCxMx3zbUe60hIg,4,4.0,Positive sentiment: lively atmosphere and good service outweigh minor facility issues.,4.0,"Great atmosphere and fun activities with good crowd management, despite dirty bathrooms and average food → 4 stars.",4,"High A (ambiance, activities), good S (efficient staff), decent F. Low C (dirty bathrooms). Overall 0.64 → 4 stars. No overrides."
LbSa1y7dGRZc4z6TXFG4AQ,3,2.0,Negative sentiment: criticizes the store as standard and parking as atrocious.,3.0,"Standard Target experience but severe parking issues and disappointment with location expectations → mixed, neutral 3 stars.",3,"Neutral F and A (standard fare, upscale expectation); S neutral (parking complaint); P neutral; C neutral. Overall_score ~0.40. No overrides."
n00HCW6_X4U0esmFO_BbAw,4,4.0,"Positive sentiment: delicious food and great value, but the dirty dining room prevents a 5-star rating.",,,4,"High F (delicious), S (good sport), P (less than $10), A (thrilling concept). C negative (disgusting dining room) prevents 5."
8Hxmm9e4G-H86RmGSW0j_Q,2,2.0,"Disappointed tone with specific complaints about pizza, salad, and gelato outweighs minor positives.",3.0,"Severe negatives on pizza quality, salad, and gelato outweigh good crust and concept, resulting in a 3-star mixed review.",2,"Food quality mixed (great crust but lacking soul, soggy/salty salad, tube gelato). Service not mentioned. Price implied high for expectations. Overall score ~0.36 → 2 stars. No overrides triggered."
Fz9aX8NFZV9V6qrNxsvpSw,5,5.0,Extremely positive sentiment with enthusiastic praise for food and service.,5.0,"Enthusiastic praise for food, taste, and value with no negatives → strong 5-star experience.",5,"Food quality (F=1.0) driven by 'excellent', 'WONDERFUL', 'BEST'; Service (S=1.0) implied by experience; overall_score 0.85 → 5 stars."
hoNecQuL86iCHowOtzMZig,5,5.0,"Strong positive sentiment: enthusiastic praise for pho, meat, and staff.",5.0,"Enthusiastic praise for pho, tender meat, and friendly staff with no negatives → 5 stars.",5,High Food (0.9) and Service (0.8) scores; overall_score 0.845 → 5 stars.
ZTBSDNo538Ephof6NLIf8A,2,2.0,Negative sentiment: poor quality dressing and mushy tomatoes indicate low satisfaction.,2.0,"Negative tone with specific food quality complaints (store-bought dressing, mushy tomatoes) → low rating.",2,"Low F (0.1) due to poor dressing and mushy tomatoes; S, P, A, C neutral. Overall 0.11 → 1 star, but no severe negatives → 2 stars."
qdkjDNuSUVLekIXwxya4eQ,4,5.0,"Strong positive sentiment: great time, tasty food, and awesome service justify 5 stars.",5.0,"Great time, tasty apps, awesome service, and low prices. Minor food preference didn't detract from overall excellent experience.",5,"High F (tasty apps, awesome items) and S (friendly, attentive) scores; overall_score 0.86 → 5 stars."
1ardaspyAbC7etWK9nuOQg,3,3.0,Mixed sentiment: praises the veggie sandwich but notes slow service and wait times.,3.0,"Single positive food item, but slow service and wait times are significant negatives → balanced 3 stars.",3,"Food quality positive (F=1.0), Service negative due to slow wait (S=0.2). Overall score 0.59 maps to 3 stars. No overrides."
eRm_2IWGdWO8BgkAF1N78w,2,1.0,Strong negative sentiment: sharp criticism of decline and disappointment justifies 1 star.,2.0,Strong past praise contrasted with severe decline and disappointment due to franchising → major downgrade to 2 stars.,2,Strong negative sentiment on Food (F=0.1) and Ambiance (A=0.1). Service and Price not mentioned (neutral). Overall score 0.08 → 1 star. No severe override triggers.
AU1oha0Z1rAYNZzF8RtLeQ,5,5.0,"Overwhelmingly positive sentiment with enthusiastic praise for food, originality, and service.",5.0,"Enthusiastic praise for food, service, and originality with no negatives mentioned → 5 stars.",5,"High F (good, tasty, satisfying, flavorful), S (customer service), A (unique, quaint). Overall_score >=0.80. No overrides."
7dqQJWr3W-CdREv0-BDuoQ,4,5.0,"Overwhelmingly positive sentiment with enthusiastic praise for staff, prices, and atmosphere.",5.0,"Glowing praise for bartender, prices, music, and local vibe with no negatives mentioned.",5,"High F (great bar, awesome jukebox), S (cool bartender), P (cheap prices), A (fun vibe). Overall_score 0.85 → 5 stars. No overrides."
81sTvcZ05tgMhZaGICnAEw,3,3.0,"Mixed sentiment: positive atmosphere and service, but overpriced steak and no return plans.",3.0,"Praised atmosphere and service, but criticized steak value and sides as overpriced. Mixed signals with 'however' and no return → 3 stars.",3,"High Service (0.9) and Ambiance (1.0) scores offset by low Food (0.2) and Price (0.1). Weighted overall_score 0.61 maps to 4 stars, but negative food/price sentiment reduces to 3."
nnSlvK-pDhWnZUZVEffn2w,5,5.0,Strong positive sentiment: enthusiastic praise of the donation process and staff.,5.0,"Terrific experience, quick donation process, and great people. All positive with no negatives → 5 stars.",5,High Service (S) and Ambiance (A) scores from 'terrific experience' and 'great people'; overall_score 0.85 → 5 stars.
ohGv9HXmVxImPpfuQ24UHg,2,2.0,"Negative sentiment due to billing errors and annoyance, but convenience prevents a 1-star rating.",2.0,Severe billing errors and strong negative sentiment despite convenience. No clear positives to offset.,2,"Negative sentiment on Service (billing errors) and Price (implied annoyance). No food/ambiance mentioned. Overall_score low, no severe overrides."
xuhlhYUPLBOHMFiYxEPtEw,5,5.0,Strong positive sentiment: enthusiastic praise of food and atmosphere.,5.0,Enthusiastic praise for food and ambiance with no negatives → 5 stars.,5,"High F (amazing) and A (cute, artsy) scores; overall_score >=0.80 → 5 stars."
AAVhWT301YqbZQ-Oxp3NlA,3,4.0,"Positive overall sentiment with enthusiastic praise for most dishes, despite one bland item.",,,4,"Food quality mixed (excellent mole, calabacitas, pork; bland carne asada). Service neutral. Ambiance positive. Overall_score 0.66 → 4 stars."
Jz3RU93vI7YWcfOpbe9tQw,5,5.0,"Strong positive sentiment: enthusiastic praise for the amazing food, excellent service, and great drinks.",5.0,"Excellent food (salad, bread pudding), great service, and unique drinks. No negatives mentioned.",5,"High F (amazing salad, bread pudding) and S (excellent). Overall_score 0.86 → 5 stars. No overrides."
NF44zbH5km75xnXpbmFObA,4,5.0,"Strong positive sentiment: enthusiastic praise of food, atmosphere, and dessert.",5.0,"Enthusiastic praise for food, atmosphere, and dessert with no negatives → 5 stars.",5,High Food (1.0) and Ambiance (1.0) scores; overall_score 0.85 → 5 stars.
-5jtdmmE6PWZOzGRzO1j5w,4,4.0,"Positive sentiment: generous portions, friendly staff, and good sandwiches justify 4 stars.",4.0,"Positive food, friendly service, and nice place. No negatives → 4 stars.",4,High F (0.9) and S (0.9) scores; overall_score 0.765 → 4 stars. No overrides.
KiMfNA05aF5x_Zq2iu4H_A,4,4.0,"Positive sentiment with enthusiastic praise for standout dishes, despite slow service and basic items.",4.0,"Exceptional pate chaude and rolls, but slow service and basic dishes prevent a full 5-star rating.",3,"Food quality (F) mixed: high peaks (pate, rolls) but many basic items. Service (S) very low due to 20+ min waits. Overall_score ~0.53. Override: wait times >20 min reduce star to 3."
x3h3JziyT5SLgYalApzqRA,4,5.0,"Enthusiastic praise for coffee, ambience, and staff indicates strong positive sentiment.",5.0,"Enthusiastic praise for coffee, ambiance, staff, and convenience with no negatives mentioned → 5 stars.",5,"High F (pretty good), S (nice/friendly), A (chill, conducive, decor, music). Overall_score 0.90. No overrides."
ssxtRkC4mLcnxgdmbk7Z9A,4,4.0,Positive sentiment about the atmosphere and vibe outweighs the mixed comments on the food.,4.0,Food is mixed but ambiance is praised as 'awesome' and 'cool' → strong positive tilt to 4 stars.,4,"Food mixed (F=0.6), Ambiance strong (A=1.0). Overall 0.71 → 4 stars. No overrides."
CNuixieP6B-BRKGZyWpcGQ,5,4.0,"Positive sentiment with minor complaints about some dogs, overall a good experience.",4.0,"Strong positives for amenities and crowd, minor annoyance with some dogs and owners → 4 stars.",4,High A (ambiance/experience) score from positive features; F and S neutral; no severe negatives or overrides; overall_score ~0.65 → 4 stars.
TbYplh9exegRgGUS55VBfQ,5,5.0,Extremely positive sentiment: calls it the best barber shop ever with top-notch detail.,5.0,Extremely positive praise with superlatives and strong contrast to past negative experiences → 5 stars.,5,High Service and Ambiance scores; overall_score >=0.80; explicit superlative 'best barber shop' enforces 5 stars.
gVf9VqVVK7BM5HNTcDbakg,4,5.0,"Strong positive sentiment: great value, low gas prices, and senior discount.",5.0,"Decent car wash, non-pushy service, cheaper gas, and senior discount → all positives with no negatives.",4,"Positive Service (S=1.0) and Price (P=1.0). No Food/Ambiance axes. Overall score 0.90 maps to 5, but limited scope (car wash only) reduces to 4."
37OUFjqDHZpGgqZAHgy4bA,4,5.0,"Strong positive sentiment: nostalgic praise of authentic, fresh food.",5.0,Strong positive comparison to iconic food destination with no negatives → 5 stars.,5,"High positive sentiment on Food (fresh, authentic) and Ambiance (nostalgic). No negatives. Overall score >= 0.80 → 5 stars."
EGuENavQY3Lz5XMR2kaZSg,3,5.0,"Strong positive sentiment: praise for unique products, good price, and helpful recommendation.",4.0,"Positive tone, found specific item at good price, recommendation → 4 stars.",4,Positive on P (good price) and A (design/decorating experience). No F or S mentioned. Overall_score 0.64 → 4 stars.
yOzUD3HgusvV_oi6su066w,4,5.0,"Strong positive sentiment: enthusiastic praise of wine, food, and cozy atmosphere.",5.0,"Enthusiastic praise for wine, food, and cozy ambiance with no negatives → 5 stars.",5,"High F (great, so good) and A (cozy) scores; overall_score 0.85 → 5 stars."
oGU0nYP_wzyffWt7HsZ68g,3,2.0,"Negative sentiment dominates due to weak potatoes and slow service, despite decent omelet.",3.0,Average food with bland potatoes and slow service; positives like patio don't outweigh the negatives.,2,"Food (F=0.3): decent omelet, weak potatoes. Service (S=0.3): slow. Ambiance (A=0.6): nice patio. Overall 0.37 → 2 stars. No overrides."
iSxZ2wCLeh738TfpVVz5Xw,3,2.0,"Negative sentiment: implies it's just a basic chain, lacking quality or uniqueness.",2.0,"Dismissive comparison to chain restaurant implies disappointment with quality and value → negative sentiment, likely 2 stars.",2,"Negative F (glorified implies low quality), neutral S/P/A/C. Overall score ~0.50 → 3 stars, but negative F sentiment reduces to 2."
lOvdXM6zXyzxpMxptY4PYw,5,5.0,"Overwhelmingly positive review praising food, service, ambiance, and overall experience.",5.0,"Enthusiastic praise for food, service, ambiance, and cleanliness with no negatives. Clear intent to return indicates top rating.",5,"High F (tasty, cooked right), S (friendly, attentive), A (welcoming, lively), C (clean restroom). Overall_score >=0.80, no overrides → 5 stars."
_37x0HOMHnlKUdhkrrCcTw,4,5.0,"Strong positive sentiment: praise for coffee, decor, and especially the very nice staff.",5.0,"Praise for coffee, ambiance, and especially very nice staff with no negatives → 5 stars.",5,High Service (S=1.0) and Ambiance (A=1.0); Food quality positive (F=0.8). Overall score 0.86 → 5 stars.
_UeF6NX6eBLdV4gGKDmzYQ,5,5.0,"Extremely positive sentiment: enthusiastic praise for food, value, and authenticity.",5.0,"Extremely positive review with praise for food, value, and authenticity. No negatives mentioned.",5,"High F (amazing, delicious), S (recommend), P (good price). Overall score >= 0.80. No overrides."
gwbYi4ykkOKh3CKJXIbtcA,4,4.0,"Overwhelmingly positive sentiment about rooms and amenities, with a minor complaint about the pool.",4.0,"Excellent rooms, amenities, and family-friendly features, but the small pool prevents a perfect 5-star rating.",4,"High F, S, A scores (perfect, huge rooms, amenities). Pool complaint lowers A slightly. Overall_score ~0.78. No overrides."
lDEHoRGTujPGZ0gSQ8uP-w,4,5.0,"Strong positive sentiment: consistent praise for cleanliness, stock, and short wait times.",5.0,"Consistently positive on cleanliness, stock, and short wait times with no negatives → 5 stars.",5,"High scores for cleanliness (C=1.0), service (S=1.0), and food quality (F=1.0). Overall score 0.95 ≥ 0.80 → 5 stars."
IktgaHr6D1QppoYCvnxQtw,4,4.0,"Positive sentiment prevails despite one bad dish; great main course, service, and views.",4.0,"Excellent main course and service recovery for a bad dish, plus great ambiance and location, outweighing the negative gyro.",4,"Food mixed (0.5): great Corfu, dry/burnt Gyro. Service good (1.0): resolved issue. Ambiance positive (1.0). Overall 0.79 → 4 stars."
yj_yJ_x0qvFhotz891qh_Q,2,2.0,Positive comments on taste are heavily outweighed by complaints about extreme overpricing.,2.0,Severe price complaint ($6 scoop) and negative value judgment outweigh tasty ice cream → strong downgrade to 2 stars.,2,"High F (tasty, great selection), low P (overpriced, 'fool parting'). Weighted score ~0.46 maps to 3 stars. Override: price-only focus with 'expensive' reweights P to 0.40 → score ~0.38 → 2 stars."
mGVU-oYnheibMlBjYOyhvA,4,4.0,"Positive sentiment with praise for food and atmosphere, though music was too loud.",,,4,"Strong A and F (creative, tasty dishes). S acceptable (acceptable, checked on guests). P neutral. Override: loud music reduces to 4."
hfJl7JpIuq_8m8nQhHiSqg,5,5.0,"Extremely positive sentiment: enthusiastic praise for the venue, owner, and music scene.",5.0,"Enthusiastic praise for venue, booking, and atmosphere with no negatives mentioned. Strong positive sentiment.",5,"High A (beautiful venue, best place to see bands) and F (music focus). S neutral. Overall_score ~0.85. No overrides."
hYGWhzZtfwR8Ygt0l-2iNg,4,5.0,"Strong positive sentiment: enthusiastic praise of food, atmosphere, and smoothies.",5.0,"Enthusiastic praise for food, drinks, ambiance, and live artist with no negatives → 5 stars.",5,"High F (great food, amazing smoothies) and A (live music, artist). Service and Price neutral. Overall_score 0.85 → 5 stars. No overrides."
BcLe4aGMam8nwLIZj2DTzg,4,4.0,"The reviewer enjoyed most dishes with enthusiastic praise, despite minor texture issues and a companion's differing opinion.",4.0,"Reviewer enjoyed most dishes and plans return visit, despite mother's dislike of food. Positive personal experience dominates.",4,"Food quality high (positive on ravioli/lamb, mixed on escargots). Service and price not mentioned. Overall_score ~0.64 → 4 stars."
lztAHL-LKCXF-M4PxmmvPg,2,2.0,"Strong negative sentiment about rude service outweighs good food, resulting in a 2-star rating.",2.0,"Severe, repeated rude service with long waits and ignored customer; positive food is heavily outweighed by service issues.",2,Service (S) is 0.0 due to severe rudeness and 15-minute wait; Food (F) is 0.7 (good but not enough to offset). Overall_score 0.38 maps to 2 stars. No overrides triggered.
52CzJDb4EakSjEQOUys77Q,3,4.0,"Strong positive sentiment about staff and anime selection, but negative about lack of DnD books.",,,4,"High Service (S=1.0) and Ambiance (A=1.0). Bootleg quality lowers Food/Value (F=0.2, P=0.3). Weighted score 0.61 → 4 stars. No severe overrides."
lqTl1i4uq09N2SajtR6nOQ,1,1.0,"Extremely negative sentiment with scathing insults and complaints about service, food, and wine.",1.0,"Severe negatives: slow service, mediocre food, insulting comparisons. No redeeming qualities → lowest rating.",1,"Low F (0.1), S (0.1), A (0.2); overall_score 0.155 → 1 star. No severe keywords or time complaints."
DiXdI0QMSl-gFubWu2BGCw,2,2.0,"Negative sentiment: good food is overshadowed by hidden fees and poor communication, warranting 2 stars.",2.0,Good food but hidden delivery charge and lack of explanation caused anger; reviewer says likely last order → severe negative.,2,"F=0.6, S=0.1, P=0.1, A=0.5, C=0.5. Overall 0.395 → 2 stars. Service complaint (unexplained charges) and poor value reduce score."
SqxwrURoVC6fbodSIIw3BQ,5,5.0,"Strong positive sentiment: enthusiastic praise for food, service, and overall experience.",5.0,"Enthusiastic praise for food, service, and ambiance with no negatives → high rating.",5,High F (0.9) and S (0.8) scores; overall_score 0.865 → 5 stars. No overrides.
BUYweJ7ca-HZRv95Ged5iw,5,5.0,"Extremely positive sentiment: enthusiastic praise for food, chef, and service warrants a 5-star rating.",5.0,"Enthusiastic praise for food, chef, ambiance, and service with no negatives → 5 stars.",5,"High F (wowed, damn that was good), S (very good), A (great space). Overall_score >= 0.80. No overrides."
NsS1BXKprxXiiRcfe0tBmw,4,5.0,Strong positive sentiment: enthusiastic praise for signature dishes and overall experience outweighs minor complaints.,4.0,Strong praise for food and dishes with minor complaint about butter and lack of ranch → 4 stars.,5,"High F (excellent food, specific praise), positive A (ambiance implied). Overall_score ~0.85. No overrides triggered."
H9DS1n3CFbaScptBseCuBA,4,5.0,"Overwhelmingly positive sentiment with strong praise for food, coffee, and decor.",5.0,"Multiple strong positive statements on food, coffee, and decor with no negatives → 5 stars.",5,High Food (F) and Ambiance (A) scores; overall_score >=0.80 → 5 stars.
dz1HrU8KNaPb4BfCDO3BLg,4,5.0,Strong positive sentiment: enthusiastic praise for unique supplies and excellent service.,5.0,"Enthusiastic praise for unique supplies, convenient online ordering, and appealing classes → strong positive sentiment.",5,High A (ambiance/experience) due to positive class/technique mentions; no negative axes. Overall_score >= 0.80 → 5 stars.
RaWAU0yBTffXrOzPRAEnWg,3,4.0,"Mostly positive sentiment with praise for food and value, despite minor complaints about portions and service.",4.0,Strong positives on food and portions outweigh minor hummus complaint and mixed service → 4 stars.,4,"Strong F (delicious gyro, good falafel), mixed S (friendly vs unfriendly), mixed P (good value vs small hummus). Overall 0.64 → 4 stars. No overrides."
ZRlXng9pn0I3s0MizBF_tg,5,5.0,"Strong positive sentiment: enthusiastic praise of food, value, and experience.",5.0,"Enthusiastic praise for food, value, and experience with no negatives → 5 stars.",5,"High F (favorites listed), S (great for all), P (steal), A (fun). Overall 0.95. No overrides."
NTyaLCYWUdBRmj0zm6MMgA,4,5.0,"Strong positive sentiment: enthusiastic praise for authentic pizza, friendly staff, and convenient location.",5.0,"Strong praise for authentic pizza, friendly staff, and convenient location with no negatives mentioned.",5,High Food (0.9) and Service (0.9) scores; overall_score 0.865 → 5 stars. No overrides.
hToXrZeYpH9xUvflGywJaA,3,3.0,Mixed sentiment with neutral overall tone; layout and DJs are okay but drinks and crowd are 'Meh'.,3.0,"Mixed review with negative Meh food/crowd but positive layout/bouncers. Ends with potential for improvement, not current satisfaction.",3,"Ambiance positive (layout, rooftop, dancing), Service positive (bouncers nice), Food/Drink neutral/meh, Price not mentioned. Overall score ~0.53 → 3 stars. No overrides."
0lAz-mLMpE9wb-SLK4f0sw,1,2.0,"The review is overwhelmingly negative about food and service, with only minor positive notes.",2.0,"Severe negatives: food tasted like ashtray, 30-minute wait, ignored service. Owner friendliness cannot offset strong dislike.",2,Low F (0.1) and S (0.1) scores; P negative. Override: 'waited 30 minutes' reduces star by 1.
JlYyxi5NDlX911vCt5iojw,5,5.0,Extremely enthusiastic tone with repeated praise for drinks and service indicates strong positive sentiment.,5.0,Enthusiastic praise for drinks and consistently friendly service with no negatives → 5 stars.,5,"High F and S scores (0.9, 1.0); overall_score 0.865 → 5 stars. No overrides."
3-lKMNbXFrfLf82zfbXJLA,3,5.0,"Strong positive sentiment: delicious food, huge portions, and cheap prices outweigh a minor suggestion.",4.0,"Delicious food, huge portions, cheap prices, and fast service. Minor suggestion for veggies but overall very positive.",5,"High F (delicious, hard to stop eating), S (fast), P (super cheap), A (curious/engaging). Overall 0.88. No overrides."
pWn9Fof6PFZWIAdxEFNudA,1,1.0,Strong negative sentiment: multiple complaints about service and food justify 1 star.,1.0,"Multiple severe negatives: long wait, incompetent staff, grumpy hosts, and crappy food. Never returning → strong 1-star.",1,"Low F and S scores (crappy food, long wait, poor staff). Overall_score 0.15 → 1 star."
lS8yhfnUiR_kiaW_ZPoY3w,5,5.0,"Extremely positive sentiment: enthusiastic praise for sushi, freshness, and staff.",5.0,"Exceptional praise for food, freshness, and service with no negatives → 5 stars.",5,"High scores across F, S, C, A; overall_score >=0.80; explicit superlative 'best around' confirms 5 stars."
A1F5KxzbzTwLKsocnPPQWA,4,4.0,"Strong positive sentiment with praise for staff and atmosphere, despite minor complaint about spice.",4.0,"Great sushi, excellent staff, and fun atmosphere, but lacked spice. Strong positives outweigh minor food issue.",4,"High F (great sushi, minor spice issue), S (excellent staff), A (great music/fun). Overall_score 0.765 → 4 stars. No overrides."
IkB8WQbZH5G8Jsk2UCjchg,4,4.0,"Positive sentiment: pleased with cleanliness and service, though comparative rating keeps it at 4 stars.",4.0,"Pleased with cleanliness and speedy service, happy with space. 4 stars relative to other locations.",4,"High F (specific praise), S (speedy), A (happy, extra room). Overall 0.73. No overrides."
YOxdPCAFcIQeeKgCNUcshA,4,5.0,"Strong positive sentiment: enthusiastic praise of venue, prices, and crowd levels.",5.0,"All aspects praised (show, prices, crowd) with no negatives → 5 stars.",5,Positive ambiance and price; no negatives. Overall score 0.80+ → 5 stars.
CgI-GEs5nh7l76XznJC3Ig,4,4.0,"Positive sentiment: praises fresh food and drinks, dismissing minor service flaws for a 4-star rating.",4.0,"Strong praise for food, drinks, and freshness outweighs minor service complaints → 4 stars.",5,"High F (fresh, quality, delicious) and A (fun drinks, chill vibe) scores drive overall_score 0.80. Service mixed but acceptable; no overrides triggered."
O67YJygNyzYQGUqATIG_ew,4,3.0,Mixed sentiment: positive remarks on cleanliness and options are offset by complaints about distance and security.,3.0,"Positive remarks on cleanliness and options, but severely negative long walk and security issues create a mixed, neutral experience.",3,Cleanliness (C=1.0) and Ambiance (A=0.8) positive; Service (S=0.2) negative due to long walk and security issues. Overall 3.25 → 3 stars.
A-drtNIHmzknlD825OhCdQ,4,5.0,"Enthusiastic praise for cupcakes, staff, and overall experience, with only minor complaints about drinks.",5.0,Cupcakes were described as perfect and worth every cent; minor drink complaint is heavily outweighed by rave food review.,5,"High F (perfect, yummy, worth it) and S (super helpful) scores; overall_score 0.86; no overrides."
EqW0Vvu8B8LaIXJQduQeSw,5,5.0,Strong positive sentiment: high praise for the theater's unique offerings and Dan Harkins' commitment.,5.0,"Highly positive review praising unique film selection, management's commitment, and overall value with no negatives mentioned.",5,"High A (unique experience, commitment), positive S (credit to Dan), overall_score 0.85 → 5 stars."
julrXc7fBvyCa0Z8xJKkRg,4,5.0,"Strong positive sentiment: enthusiastic praise of food, atmosphere, and value justifies a 5-star rating.",5.0,"Outstanding food quality, fresh preparations, and great ambiance. Wait time was short and justified. Highly impressed overall.",5,"High F (outstanding food), S (positive wait framing), A (fun ambiance). Overall 0.86. No overrides."
lMUkpUjdv5xoEQ4Sr6DN5Q,3,3.0,Mixed sentiment: negative comments on pancakes and drunk patrons balanced by praise for service and fun night.,3.0,"Mixed review with good service and fun night, but negative food items and drunk patrons → balanced 3 stars.",3,"Service mixed (good depending on server), Food mixed (bad pancakes, okay chicken). Ambiance negative (drunk people). Overall neutral. No overrides triggered."
-hqEQUxefQSjHMcMpqIHHg,4,4.0,"Positive sentiment with minor complaints about music, but overall great experience and desire to return.",4.0,"Great beer, yummy crab cakes, and cozy vibe, but music was not that good → 4 stars.",4,High F (crab cakes) and A (cozy) scores; S neutral (music complaint). Overall 0.68. No overrides.
raaH2O1gL1H712CjHv_lwQ,3,4.0,"Positive sentiment with minor complaints about AC and TV, overall favorable.",4.0,"Staff is super nice and no wait, but AC is too low and limited ESPN → mostly positive with minor complaints.",4,High Service (S=1.0) and Ambiance (A=0.8) scores drive rating; overall_score 0.68 maps to 4 stars; no overrides triggered.
j4dTZw7rtCNqsqCS61wvsg,4,5.0,"Overwhelmingly positive sentiment with enthusiastic praise for food, value, and atmosphere.",5.0,"Strong praise for food, value, and atmosphere with no negatives. Enthusiastic tone and specific favorites indicate a top experience.",5,"High F (great food, tasty dish), S (service), P (good value), A (atmosphere). Overall score >=0.80. No overrides."
w7bdwvf-KpTxIHUaWhlw3A,5,5.0,Strong positive sentiment: enthusiastic praise for the groomer and happy pet results.,5.0,"Overwhelmingly positive with enthusiastic praise and intent to return; initial anxiety is resolved, no negatives.",5,High positive sentiment on service (S=1.0) and ambiance/experience (A=1.0); overall_score 0.85 → 5 stars.
MZuTe1I1u1tpb_RlGUHFng,5,5.0,"Overwhelmingly positive sentiment with enthusiastic praise for food, service, and decor, promising a return visit.",5.0,"Rave review on food, drinks, and exceptional service. Minor butter issue is negligible. Clear intent to return.",5,"High F (great food, minor butter note), S (excellent), A (gorgeous decor), P (implied value). Overall 0.91. No overrides."
Y8GAudCnbK-05qkFzLsv0Q,4,4.0,"Mostly positive sentiment with good food and great brunch, despite uninterested service.",4.0,"Positive food (good dinner, great brunch) but uninterested service → slight downgrade to 4 stars.",4,"Food quality is positive (good dinner, great brunch). Service is negative (uninterested). Overall score 0.64 maps to 4 stars. No overrides triggered."
X-P53WWo1I2CClf9oMqWEw,3,5.0,"Strong positive sentiment: enthusiastic praise for the courses, views, and food.",4.0,Positive review of golf courses and food with only minor caveats. No severe negatives present.,4,Food (F=0.8) and Ambiance (A=1.0) are strong; Service (S=0.5) neutral; overall_score=0.795 → 4 stars.
ptaV9AQw_78TlKIohuwe1w,4,4.0,"Overwhelmingly positive sentiment about food and experience, with minor complaints about lighting and butter.",4.0,"Food is praised as delicious and authentic, but reviewer docked a star for bright lights and subpar accompaniments.",4,Food quality (F) is high (0.95). Service neutral (0.50). Ambiance (A) and Price (P) slightly negative (0.40). Overall score 0.72 maps to 4 stars. No overrides triggered.
YKXgZI-ghJBCbJPhs0kZmA,4,5.0,"Strong positive sentiment: enthusiastic praise of design, service, and food, with intent to return.",5.0,"Excellent design, friendly service, and tasty items with only minor re-opening kinks mentioned positively.",5,"High F (tasty), S (friendly), A (fantastic design) scores; overall_score 0.90 → 5 stars."
xCEvHEszA3-CmFqtHacVQg,1,2.0,Negative sentiment: high prices and distracting atmosphere outweigh minor positives.,2.0,"Severe price complaints and distracting animatronics outweigh okay food and cocktails, with explicit 'don't love it' → strong downgrade.",2,"F=0.3 (so-so food), S=0.5 (neutral), P=0.0 (outrageous prices), A=0.3 (distraction), C=0.5 (neutral). Overall 0.325 → 2 stars. No severe overrides."
Fx5ZAY_yC-hqcQH0zH1RiA,5,5.0,"Extremely enthusiastic review praising food, consistency, specials, and drinks with no negatives.",5.0,"Consistent food, great deals, and strong service signals with no negatives → 5 stars.",5,"High F (consistent, fresh, flavorful), S (friendly implied), A (fun atmosphere). Great value (lunch specials, kids free). Overall_score >= 0.80 → 5 stars."
j7GSeG7W4Dl-sdzJbjBUXA,4,4.0,"Positive sentiment: good beer, service, and atmosphere outweigh average food, leading to 4 stars.",4.0,"Strong service, great beer, and good atmosphere outweigh the food not living up to hype. Explicit 4/5 rating confirms.",4,"F=0.7, S=0.9, P=0.8, A=1.0. Overall 0.81 maps to 5; override: review expectation gap and 4/5 rating reduce to 4."
2VTwjhOX3UUvgOGbxe4xfA,4,5.0,Strong positive sentiment: enthusiastic praise of food and overall experience.,5.0,Strong praise for food and overall experience with only minor wine caveat → 5 stars.,5,High Food (delicious ravioli/soup) and Ambiance (mom's favorite). Overall score 0.85 → 5 stars. No overrides.
OzOK548AuHvx7lh_WhMBvA,3,3.0,"Mixed sentiment: OK food and decor, but overhyped and pricey, leading to a neutral rating.",3.0,"Food is OK and ambiance is clean, but reviewer says there are better options for the price and is confused by hype → mixed, neutral rating.",3,"Food OK (F=0.5), Service neutral (S=0.5), Price negative (P=0.2), Ambiance positive (A=0.8), Cleanliness positive (C=0.8). Overall 0.51 → 3 stars. No overrides."
XEIc9OjhrtDvKTMj0E0Giw,5,5.0,"Extremely positive sentiment with enthusiastic praise for food, drinks, and service.",5.0,"Enthusiastic praise for food, drinks, and service with no negatives → 5 stars.",5,"High F and S scores (delicious, great service); overall_score >=0.80 → 5 stars."
clOq6ZQZ86cEVB8NehwEFA,5,5.0,"Strong positive sentiment: enthusiastic praise for service, flavorful food, and specific recommendations.",5.0,Excellent service and flavorful food with generous portions → strong positive review.,5,"High F (excellent, flavorful) and S (wonderful) scores; overall_score >=0.80 → 5 stars."
X6DYb34KHjiLdwGy4r74RA,4,4.0,"Positive sentiment: reviewer enjoys the coffee and cozy vibe, despite minor price complaints.",4.0,"Positive sentiment toward coffee, ambiance, and neighborhood feel, despite noting prices are a bit high.",4,"High A (cozy, historic, nice place), moderate F (good coffee), P slightly negative (pricey). Overall_score ~0.68. No overrides."
2aKJbAw_cjl8WKhSyh5MqA,4,5.0,"Overwhelmingly positive sentiment with enthusiastic praise for food, service, and value, despite one minor dislike.",5.0,"Enthusiastic praise for food, service, and price. Minor dislike of one dish is overshadowed by overall excitement.",5,"High F (delicious, loved dishes) and S (quick) scores; overall_score 0.86; P (cheap) positive; override: explicit five-star superlative language."
KUvoaiERjw4fqnDuSMzo4w,3,3.0,The review is mixed: positive food and service comments are explicitly balanced by a 3-star rating.,3.0,"Positive food and service, but explicit 3-star rating indicates a mismatch between experience and expectations.",4,"High F (perfect, best, very good) and S (great, attentive, manager) scores. Overall 0.85 maps to 5, but user's explicit 3-star rating is a strong override signal, adjusted to 4."
g1Mp7ozhu4HwZDYanxUZCQ,4,5.0,Strong positive sentiment: enthusiastic praise of authentic NY-style pizza and high recommendation.,5.0,"Enthusiastic praise for crust, cheese, and toppings from a self-described pizza snob; compares favorably to NY pizza → 5 stars.",5,High F (0.95) and A (0.90) scores drive overall_score 0.88. No overrides. 5 stars.
__esH_kgJZeS8k3i6HaG7Q,5,5.0,"Enthusiastic praise for unique plants and wildlife, calling it a great introduction and never growing old.",5.0,"Exceptional praise for unique cacti, wildlife, and lasting appeal. No negatives mentioned, clear 5-star experience.",5,"High A (ambiance/experience) score (0.95) dominates; F/S/P/C neutral/positive. Overall 0.48 → 3 stars, but superlative language ('never grows old', 'great') with no negatives enforces 5."
Y7clMC7cgKDpH1tHY3mgLA,5,5.0,"Overwhelmingly positive sentiment with enthusiastic praise for beer, food, and atmosphere.",5.0,"Enthusiastic praise for beer, food, and atmosphere with no negatives. Strong recommendation indicates 5 stars.",5,"High F (raved carne adovada, awesome fries), S (implied positive), A (great atmosphere). Overall_score 0.85. No overrides."
ZMHfSBf4lLJCsGxQY8RYlQ,4,4.0,Positive sentiment: one dish was really good and prices were reasonable.,4.0,Mixed food with one standout dish and reasonable prices outweighs average items → 4 stars.,4,"Food quality mixed (3/5 items positive), Service neutral, Price positive. Overall_score ~0.72. No overrides."
byzY0lh3-U78C9TimskISg,2,2.0,"The review is negative overall due to awful service and overpriced food, despite praise for the nachos.",2.0,"Severe service issues (rushed, interrupting) and overpriced food outweigh great nachos, leading to strong dissatisfaction.",2,"Food: 0.6 (Nachos great, regular dishes OK). Service: 0.1 (Aggressive clearing, slow refills). Price: 0.3 (Overpriced). Ambiance: 0.2 (Dead). Overall: 0.395 → 2 stars. Service wait <30m, no severe safety issues."
bhokMtCUqSO8ey-IF8ufPQ,5,5.0,"Overwhelmingly positive sentiment: enthusiastic praise for the performance, acting, and music justifies 5 stars.",5.0,"Enthusiastic praise for performance, acting, and music. Price concern acknowledged but dismissed as worth the investment.",5,"High A and F scores (great performance, acting); P neutral but overridden to positive due to value justification; overall_score 0.80+ → 5 stars."
pgCLr4exBMu_iBFFNiwT5A,4,5.0,"Enthusiastic praise for the atmosphere, food sampler, and Cuban cuisine with humorous political flair.",5.0,"Enthusiastic praise for food, ambiance, and unique experience with no negatives → 5 stars.",5,High Food (0.9) and Ambiance (0.8) scores drive overall 0.86. No overrides; strong positive sentiment.
S9OVpXat8k5YwWCn6FAgXg,1,1.0,"Strong negative sentiment: disgusting, bad food, and fake reviews justify 1 star.",1.0,"Severe negatives: disgusting, bad food, no flavor, fake reviews. Outdated interior adds to poor experience → 1 star.",1,Strong negatives in Food (0.1) and Ambiance (0.1); Service/Price not mentioned. Overall score 0.05 → 1 star.
_vfM-lPC-QPxE-S-QsdSng,2,2.0,Mixed review with positive service but strong complaints about high cost and pretension.,3.0,"Good service and decent food, but severe price complaint and pretentiousness downgrade to 3 stars.",2,"Food decent (0.6), Service good (0.7), Ambiance negative (0.3). High price complaint triggers P weight shift; overall_score ~0.56 maps to 3 stars, but severe value complaint overrides to 2."
Ic-t_oLRMEEpmo0MfIvOwA,3,3.0,Mixed sentiment: praise for happy hour and service is balanced by loud music and small portions.,3.0,"Mixed review with positives (atmosphere, service, happy hour) and negatives (music, portions, price sensitivity) → neutral 3 stars.",4,Strong Service (S=1.0) and Ambiance (A=1.0). Food quality mixed (F=0.5). Price positive due to happy hour (P=0.8). Overall score 0.79 → 4 stars.
hre97jjSwon4bn1muHKOJg,4,5.0,"Strong positive sentiment: enthusiastic praise for food, drinks, and healthy options.",5.0,"Consistently positive on food, drinks, and menu variety with no negatives → high praise warrants 5 stars.",5,"High F (outstanding pizza, healthy menu) and S (reliable) scores; overall_score >=0.80 → 5 stars."
3vCkW5w6WrRms9Lon8jzHg,2,2.0,"Negative sentiment: dangerous location and car trouble overshadow the helpful teens, justifying 2 stars.",2.0,"Severe negative: car broke down, no help from other customers, stranded at night. Only random teens helped, not staff.",1,"Service failure (car breakdown, no help from station/other patrons) and safety concerns; overall_score low, override to 1 star."
y727z5s7ziROvku6F_rrIg,1,1.0,Strong negative sentiment: awful service and poor experience justify 1 star.,2.0,Severe service issues with long waits and rude server; food just okay → strong downgrade to 2 stars.,2,Service (S=0.1) heavily penalized for long wait; Food (F=0.5) neutral; overall_score 0.28 maps to 2 stars; no severe-negative overrides.
OuY0JQ1vSp5-SCVipZgl7A,4,5.0,Strong positive sentiment: enthusiastic praise of pizza quality and family satisfaction.,5.0,Strong praise for taste and family satisfaction with no negatives → 5 stars.,5,High Food quality (delicious) and Service (everyone happy). Overall score >= 0.80. No overrides.
uwGWwL5FLlNZUdokJlVbYQ,4,5.0,Overwhelmingly positive sentiment with enthusiastic checklist format and explicit high rating.,4.0,"All aspects praised with no negatives, reviewer explicitly rounds to 4 stars.",5,"High F (awesome, award-winning), S (implied positive), A (good vibe, live music). Overall_score ~0.85. User rating 4.25 is positive context."
xbXkOaXLbwFsCMgsH6T9Tg,5,5.0,"Extremely positive sentiment: rave reviews of food, ambiance, and overall experience warrant 5 stars.",5.0,"Exceptional food, ambiance, and overall experience described as trip highlight. No negatives mentioned.",5,"High F (delicious, unique), S (implied), A (amazing, twinkly lights) scores; overall_score >=0.80; no overrides → 5 stars."
mvJEGVvZMqiQYRIHAWgKkg,4,5.0,Strong positive sentiment: enthusiastic praise of freshness makes it the top choice.,5.0,"Strong, unqualified praise for core food quality (freshness) with no negatives → 5 stars.",5,High Food quality (fresh meat/bread) and strong positive sentiment. Overall score >= 0.80 → 5 stars.
a8RmP9xeCGIlfFFI2uGiSA,4,4.0,"Positive sentiment: consistent enjoyment of menu items, though spice levels are only good, not great.",4.0,Consistently positive experiences with good food variety and acceptable spice levels → 4 stars.,4,High Food (0.9) and Ambiance (0.8) scores; overall_score 0.795 → 4 stars.
fnzmOhh79nb1qaRocnJ7Jw,4,4.0,"Strong positive sentiment with minor room design complaints, justifying a 4-star rating.",4.0,"Strong praise for service, value, and restaurant, with only minor room decor complaints → 4 stars.",4,"High F (0.9) and S (0.9) from praise; A (0.7) positive; P (0.8) value; C (0.4) negative on room decor. Overall 0.83 maps to 5, but C override reduces to 4."
dBt9em8zuiBmi0afyDGPbw,4,3.0,The review mixes strong praise for the atmosphere with significant complaints about food and service.,3.0,"Severe negatives (bad soup, long wait, premature check) outweigh initial positives and ambiance → 3 stars.",2,Food (0.1) and Service (0.2) dragged down by cold soup and check timing; Ambiance (0.7) saved it. Overall 0.28 → 2 stars.
2zCYD1tuTkHvwlUS9QDk2A,3,5.0,Strong positive sentiment: enthusiastic recommendation for kids and trains.,5.0,"Highly positive for kids and trains, perfect for its niche. No negatives mentioned.",4,"Strong A (ambiance/experience) due to train displays and rides; neutral F, S, P, C not mentioned. Overall_score 0.60 → 4 stars."
ohJHvAieUmjf3WWWs7bfjA,3,3.0,"The review is mixed, noting promising aspects like decor and beer alongside negatives like smells and music.",,,3,"Ambiance (A) mixed: decor positive, music negative. Service (S) neutral (no interaction). Food (F) and Price (P) not evaluated. Overall score ~0.50 → 3 stars."
e-QDXrRuDBSZOnzGLuAjOw,4,4.0,Positive sentiment: great food and restaurant experience outweigh minor issues with decor and a disruptive patron.,4.0,"Exceptional sandwich and positive overall experience, but disturbing decor and unruly patron behavior prevent a perfect 5-star rating.",4,High Food (1.0) and Ambiance (0.8) scores. Service neutral. Override: Ambiance issue (disruptive patron) reduces 5 to 4.
x2KQET-oO_y-3W3IWXrjzQ,5,5.0,"Overwhelmingly positive sentiment with high praise for the tour and guides, outweighing minor concerns.",4.0,"Exceptional tour and guides, but some disrepair noted. Strong positive experience overall.",5,"High A (indescribably cool, genius guides, not to be missed) and F. Minor C (dismay at disrepair) noted but outweighed. Overall_score >=0.80 → 5 stars."
UjfIUMfKaB04M_R2hYAmPw,5,5.0,"Extremely positive sentiment: exceeded expectations, highly recommend, and eager to return.",5.0,"Exceptional service, expertise, and professionalism with strong recommendation and intent to return → 5 stars.",5,"High F (exceeded expectations, expertise) and S (professional therapist) scores; overall_score >=0.80 → 5 stars."
lkXM8gxdU1qQVCHggDfsyQ,4,5.0,"Strong positive sentiment: enthusiastic praise for food, ambiance, and service despite minor issues.",4.0,Exceptional garlic appetizer and great food outweigh minor service gaps and higher price → positive overall experience.,4,"Strong F (0.9) and A (0.9), mixed S (0.6) due to waiter switch, P neutral (0.5). Overall 0.795 → 4 stars. No overrides."
QDhIuFU2ADUo27CHfM2_jQ,3,2.0,Negative sentiment: criticizes food as mediocre and strongly condemns high prices.,2.0,Food is mediocre and price is severely negative with specific complaint → strong downgrade to 2 stars.,2,"Food neutral (0.5), Price negative (0.0). Weighted score 0.29 → 2 stars. No overrides."
mC1Y2H2IfqcJBm_V8DTYTg,1,1.0,"Extremely negative sentiment due to ignored customer and poor service, warranting 1 star.",1.0,"Severe service failure: ignored by staff, no greeting, and customer actively sought other sellers. No redeeming factors mentioned.",2,"Service (S) scored 0.0 due to ignored customer; Food/Price/Cleanliness not mentioned (0.5). Overall 0.15 → 1 star, but no severe-negative keywords → 2 stars."
YofsCwcSAuXs0FcE8T4dig,3,5.0,"Overwhelmingly positive sentiment with enthusiastic praise for food and atmosphere, outweighing minor price concerns.",4.0,"Rave reviews on food, ambiance, and ingredients. Price is high but taste wins out. No severe negatives.",4,"High F (delicious, inventive, fresh) and S (like waitstaff) scores. A is positive. P is negative (pricey). Overall ~0.78. No severe negatives or wait time overrides."
rYnCTUc8tONR8YFAkOQfeA,4,5.0,Strong positive sentiment: enthusiastic praise of the fancy modern setting and sweet potato fries.,5.0,"Enthusiastic praise for food, ambiance, and fries with no negatives → 5 stars.",5,High Food (0.9) and Ambiance (0.9) scores; overall_score 0.865 → 5 stars.
2Ouk1wfM0BtHik9tBdUo0w,3,5.0,"Strong positive sentiment: enthusiastic praise for service, atmosphere, drinks, and food.",5.0,"All aspects praised with no negatives: service, cleanliness, drinks, and food all positive → 5 stars.",5,"High F, S, C, A scores; weighted overall_score >= 0.80 → 5 stars."
mQRd9mdpBCEjzIPe_c4k-w,5,5.0,"Overwhelmingly positive sentiment with enthusiastic praise for service, prices, and overall experience.",5.0,"Exceptional service, great prices, and enthusiastic praise with no negatives → clear 5-star experience.",5,High Service (S=1.0) and Ambiance (A=1.0); Price/Value positive (P=1.0). Overall_score 0.885 → 5 stars. No overrides.
ShhaNxRrWd06hFAikSauNg,5,5.0,"Enthusiastic praise for happy hour menu and deals, despite a minor parking complaint.",5.0,"Explicit 5-star rating for excellent happy hour, cheap drinks, and great food options. Minor parking note is not a service complaint.",5,High F and A scores for happy hour; overall_score 0.85; override: explicit 5-star intent enforced.
cIZ9ki0uiyZXfhqP9UcyqA,5,5.0,Extremely enthusiastic praise for multiple dishes and atmosphere indicates strong positive sentiment.,5.0,Enthusiastic praise for multiple dishes and ambiance with no negatives → strong 5-star review.,5,"High F (craving, die for, yummy), S (implied), A (outdoor seating). Overall_score >=0.80. No overrides."
rtRPHXhtXAz4cGooTShXNw,4,4.0,Positive sentiment: the delicious food outweighs the minor issues with noise and slow service.,4.0,Excellent food with moist meat and tasty sauce; minor service and noise issues are forgiven due to crowd.,4,Food (0.9) and Service (0.6) drive score; Ambiance (0.4) lowers due to noise. Overall 0.755 → 4 stars.
Xw4LIQeqqGaX2oAFid5UDw,2,3.0,"Mixed sentiment: negative about main dining, positive about desserts for teens.",3.0,Negative opening with mild positive caveat for specific use case → neutral 3 stars.,3,"Low F (not great), neutral A (teen shake/ice cream). Overall 0.45 → 3 stars. No overrides."
yHkvJxOyBbGT3MG-d487zw,4,5.0,"Overwhelmingly positive sentiment with enthusiastic praise of drinks, food, and atmosphere.",4.0,"Strong positives on drinks, atmosphere, food, and people; minor creepy guy issue noted but dismissed → 4 stars.",5,"High F, S, A scores (drinks, food, atmosphere, service). Overall 0.90. Minor ambiance issue noted but not severe. No overrides triggered."
uVGEIIXxZVNTNxwwn9-wGw,3,4.0,"Positive sentiment with specific praise for pita and tea, but some mild criticisms.",4.0,"Strong positives on pita, feta, and tea outweigh average salad and sauce. Mild caveat but overall positive.",4,"Food quality is positive (F=0.8) with some mixed items; Service and Ambiance unmentioned (neutral). Overall_score=0.32 → 2 stars, but override: explicit positive intent ('pretty good', 'will be back') raises to 4."
VOlzILk599dShFuG5gwVbQ,5,5.0,"Enthusiastic praise for food, service, and unique offerings indicates strong positive sentiment.",5.0,"Enthusiastic praise, free extra samples, and unique delicious food with no negatives → 5 stars.",5,"High F (delicious, unique), S (delivered to bar, free extra), A (awesome, can't wait). Overall 0.95. No overrides."
bUry2lOH49ZiLa6689F6Qw,5,5.0,"Strong positive sentiment: enthusiastic praise of quality, ingredients, and value.",5.0,Great quality smoothies with fresh ingredients and excellent $5 price point. No negatives mentioned.,5,High Food (0.9) and Price (0.95) scores drive overall 0.89. No overrides. 5 stars.
TVUUO1gxwBiATfntwXhmXA,3,3.0,"Mixed review: excellent service and decor, but bland food and disappointing steaks led to a neutral rating.",3.0,"Exceptional service and ambiance, but bland food and disappointing steak for the price → mixed experience, 3 stars.",3,"Service (S=1.0) and Ambiance (A=1.0) excellent; Food (F=0.3) poor due to blandness. Overall 0.735 → 4 stars, but bland food overrides to 3."
-ND5YhB3B8bAgcl-xSU_2Q,4,5.0,"Strong positive sentiment: enthusiastic praise of view, food, and high recommendation.",5.0,"Outstanding food, view, and fondue with strong recommendation → clear 5 stars.",5,"High F (delicious fondue, tasty burger) and A (amazing view) scores; overall_score 0.90 → 5 stars."
-skX1HIaPx4K5EvXl-VABg,5,5.0,Extremely positive sentiment: enthusiastic praise and 'best workout I've ever had' justifies 5 stars.,5.0,Extremely positive review with 'best workout ever' and strong intent to return → 5 stars.,5,"Strong positive sentiment on experience (A) with superlative language; no negative axes. Overall_score high, override to 5 stars."
Ez_JC0CJlOF7jpt2KJIH9Q,3,4.0,"Positive sentiment: high praise for coffee and food, but atmosphere prevents a perfect 5.",4.0,"Strong praise for coffee and food, but ambiance prevents full relaxation → 4 stars.",3,"Positive F (solid coffee, win bread) but low A (never relaxed). No severe negatives. Overall_score ~0.58 → 3 stars."
j7ySLZbARMB52UDpqzbf2w,5,5.0,"Strong positive sentiment: enthusiastic praise of vibe, drinks, and overall experience.",5.0,"Enthusiastic praise for vibe, drinks, and overall experience with no negatives → 5 stars.",5,"Strong positive on Ambiance (A), Food (F), and implied Service (S). Overall_score >= 0.80 → 5 stars."
ie9dzIMGLHKaeq2ByLfrTA,4,5.0,Strong positive sentiment: enthusiastic praise of Apple products despite high cost.,5.0,"Strong positive sentiment, excitement about products, and price acknowledged but not a complaint → 5 stars.",5,Positive sentiment on product (F) and experience (A); price acknowledged but not negative; overall_score >=0.80 → 5 stars.
fu075k8dTKAQaBKAGSNuFA,4,5.0,"Overwhelmingly positive sentiment with enthusiastic praise for menu, prices, and quality.",5.0,"Excellent food, vast menu, and incredible prices with no negatives mentioned → clear 5-star experience.",5,"High F (excellent food), S (implied positive), P (incredible prices), A (wins over competitor). Overall_score 0.90 → 5 stars."
FubrebQ3LpIG9UFBC7DtFg,3,5.0,"Strong positive sentiment: enthusiastic praise for authentic food, atmosphere, and value, making it a great choice.",4.0,"Strong praise for food, value, and service, with minor drink/dessert caveats → 4 stars.",5,"High F (great food, tasty), S (solid), A (atmosphere, mariachis), P (cheap eats). Overall score >=0.80. No overrides."
6m324Co38HyL-Fh3NjWr_Q,4,5.0,"Strong positive sentiment: enthusiastic praise for food, portions, and friendly service.",5.0,"Excellent food, generous portions, friendly service, and intent to return → clear 5-star experience.",5,"High F (very good food, great portions) and S (friendly, accommodating) scores; overall_score >=0.80 → 5 stars."
7iUIThqzcZwOi7Xtu0C1jg,5,5.0,"Extremely positive sentiment: enthusiastic praise for food, atmosphere, and frequent visits.",5.0,"Enthusiastic praise for food, bread, and market variety with no negatives. Weekly visits indicate strong satisfaction.",5,"High F (fantastic, perfection, great bread/salads) and S (generous owner) scores; overall_score >=0.80; no overrides."
_T8aTW1y8cy05omDYPUDLA,5,5.0,"Enthusiastic praise for the enlightening experience, interactive room, and overall value.",5.0,"Enthusiastic praise for nostalgia, learning, and interactive exhibits. Minor gong rule disappointment is overshadowed by strong overall recommendation.",5,"High A (enlightening, nostalgia), F (instruments, learning), S (interactive). P (not expensive). Overall_score >= 0.80. No overrides."
sOs2dB9rbO7p-MB2EJ3cvg,4,3.0,"The review is mixed, noting tasty food and low prices but criticizing dryness, noise, and average sides.",3.0,Food is tasty but dry and not great; atmosphere is cramped and noisy; low prices are a positive but not enough to overcome the negatives.,3,"Food: 0.6 (tasty but dry), Service: 0.5 (neutral), Price: 0.9 (low), Ambiance: 0.2 (cramped/noisy). Overall 0.595 → 3 stars."
62xjol6KYNtMS2gFSmqfaQ,5,5.0,"Extremely positive sentiment: enthusiastic praise for service, cleanliness, and professionalism.",5.0,"Exceptional service, cleanliness, and problem resolution. Enthusiastic praise and loyalty indicate top rating despite initial issue.",5,"High scores across all axes: F=1.0 (top notch), S=1.0 (professional, friendly), A=1.0 (clean, impressive). Overall_score=0.90. No overrides."
TLMZDcoS2Ex4b9dC5orLVg,5,5.0,"Strong positive sentiment: enthusiastic praise of delicious food, friendly staff, and intent to return.",5.0,Exceptional food quality and value despite visual appearance. Staff was pleasant and clean. Highly recommended.,4,"High F (delicious, flavorful) and S (pleasant staff) scores. Low A (hole in the wall). Overall 0.71 → 4 stars."
c7UBikwEOZfG2kTUQ3M3EA,5,5.0,"Strong positive sentiment: enthusiastic praise of food, atmosphere, and intent to return.",5.0,"Excellent food, great atmosphere, and strong intent to return with no negatives → 5 stars.",5,High F (excellent food) and A (cool atmosphere) scores; overall_score >=0.80; no overrides.
fpKQ1DiOwNi__vzKv5FvAw,1,1.0,Strong negative sentiment: review calls the place lousy and expresses deep disappointment.,1.0,"Severe disappointment, below low expectations, and longing for real Barcelona → strong negative sentiment, no positives.",1,Strong negative sentiment throughout; low expectations exceeded negatively; no positive axes mentioned; overall_score < 0.20 → 1 star.
0OMgIKXCDZPYpiIl03jLPg,5,5.0,Strong positive sentiment: enthusiastic praise indicates a top-tier experience.,5.0,Strong positive phrase 'real gem' indicates exceptional experience with no negatives → 5 stars.,5,Highly positive sentiment across all axes; overall_score >=0.80 → 5 stars.
swhMVGUffHcfl3YgSgKszQ,5,5.0,Strong positive sentiment: enthusiastic praise for donuts' quality and consistency.,5.0,"Strong praise for best, consistent, fresh donuts with no negatives mentioned → 5 stars.",5,"Strong positive on Food (best, consistent, fresh) and Ambiance (loyalty). Overall_score >= 0.80. No overrides."
coExktpilQIUCVAdjUfPhg,3,4.0,Positive overall sentiment with praise for service and atmosphere outweighing minor food complaints.,4.0,"Top-notch service and great atmosphere offset overpriced, overcooked burger. Slight negatives but would return → 4 stars.",4,Service (S=1.0) and Ambiance (A=0.8) are strong; Food (F=0.4) and Price (P=0.3) are weak. Weighted overall_score=0.735 maps to 4 stars. No overrides triggered.
WE3QQvXUohL0HVxrUjmsJw,5,5.0,"Enthusiastic praise for boutiques, service, and dining indicates a strongly positive experience.",5.0,"Enthusiastic praise for shopping, service, and food with no negatives → clear 5-star experience.",5,High scores for Service (S=1.0) and Ambiance (A=1.0). Food quality (F=0.8) is positive. Overall score 0.915 maps to 5 stars. No overrides applied.
UoqPzTb-vSsbZRZg3G_qKg,5,5.0,"Strong positive sentiment: high praise for product quality, helpful staff, and overall value.",5.0,"Strong praise for product quality, helpful staff, and long-term value. Minor price caveat doesn't detract from overall excellence.",5,"High F (best, feels better, doesn't clog) and S (helpful salesgirls) scores; P is positive long-term value. Overall_score 0.90 → 5 stars."
jcaKt8dBjhcLoYuSL78Vnw,4,5.0,"Extremely positive sentiment: enthusiastic praise for size, diversity, and facilities.",5.0,Overwhelmingly positive with multiple strong adjectives and no negatives mentioned → 5 stars.,5,"High scores across Ambiance (excellent, huge, diverse, educational) and Cleanliness (clean bathrooms). Overall_score >= 0.80. No overrides."
lTpCc1QyuzcROvgz-FxKAQ,5,5.0,"Strong positive sentiment: enthusiastic praise for food, drinks, and service.",5.0,"Excellent service, great drinks, and appetizers. No negatives; reviewer is a loyal fan who highly recommends it.",5,"High F (delicious, never disappointed), S (quick, attentive), A (fun vibe). Overall_score >= 0.80. No overrides."
vVaUMlzYJPc0pWV46XT8YA,3,4.0,"Positive sentiment: praise for variety and selection, with minor critique on inventory.",4.0,"Strong praise for variety and selection, minor qualm about limited older titles → positive overall, 4 stars.",4,"Axes: F=0.8 (solid selection), S=0.5 (neutral), P=0.7 (value), A=0.7 (vibe), C=0.5 (neutral). Overall 0.715 → 4 stars. No overrides."
HOD8qF2OW0AnlPrsscUyxA,2,2.0,"Negative sentiment about broken, unplayable machines and lacklustre variety, though some sarcasm softens the blow.",2.0,"Severe equipment malfunction and broken games outweigh any sarcastic praise, leading to strong dissatisfaction.",1,Severe cleanliness/safety issues (broken/unplayable machines) → override to 1 star.
nZwYc_NXQv88o1WKgHQcnA,4,5.0,"Extremely positive sentiment: enthusiastic praise for food, staff, and overall experience.",5.0,"Exceptional food praise with friendly, efficient service and no negatives → 5 stars.",5,"High F (best wings, awesome), S (friendly, efficient), A (quiet, easy seats). Overall_score 0.95. No overrides."
djkwE8xPaBxz-sR4fM2huA,4,5.0,Strong positive sentiment: enthusiastic praise of the fun atmosphere and games.,5.0,Highly positive tone with multiple enthusiastic descriptors and no negatives → 5 stars.,4,Positive ambiance (A=1.0) and service (S=0.8); food/price not mentioned. Overall score 0.78 → 4 stars.
N0ZRCOmv-vT1l3B336MtBg,3,3.0,"Mixed sentiment: great appetizers and service, but mediocre main dishes lead to a neutral rating.",3.0,"Great appetizers and service, but mediocre main dishes and cold fries led to a mixed, neutral rating.",3,"Food mixed (apps great, mains mediocre), Service positive (friendly), Wait time acceptable. Overall score ~0.50 → 3 stars."
DNuvcgrzn950xjwb6-za3A,4,5.0,"Overwhelmingly positive sentiment with enthusiastic praise for food, service, and overall experience.",5.0,"Enthusiastic praise for food, service, and preparation with only minor saltiness. No severe negatives; strong positive tone and intent to return.",5,"High F (loved food, minor saltiness), S (friendly/knowledgeable), A (enjoyed ambiance). Overall_score ~0.88. No overrides."
4gZStn31t8tz2Qva_oa3Zg,5,5.0,"Extremely enthusiastic praise for the taste, artistry, and quality, justifying a perfect 5-star rating.",5.0,"Exceptional praise for taste, freshness, and artistry; price is justified for quality; no negatives mentioned.",5,"High F (masterpiece, fresh ingredients), S (implied positive), P (reasonably priced for quality). Overall_score >=0.80. No overrides."
xqRrpg2VyIxEOD-G6t_8Hw,1,1.0,"Strong negative sentiment: calls the restaurant terrible, disgusting, and slow.",1.0,"Severe negatives like 'terrible', 'disgusting', and 'slow' indicate strong dissatisfaction → lowest rating.",1,Strong negative sentiment on Food and Service; overall_score < 0.20 → 1 star.
yMiNSE7ymTrQBpdKNYG-Jg,1,1.0,Extremely negative sentiment: profanity and anger over AC failure justify 1 star.,1.0,"Severe service failure with extreme heat and hostile language → strong negative, minimal rating.",1,"Severe ambiance/safety issue (90°F, no AC) and hostile sentiment → low A/C scores, overall_score <0.20 → 1 star."
lwaPXul0D8mKK_UpMsxo7A,5,5.0,"Extremely enthusiastic tone with repeated praise for food and service, indicating a strong positive experience.",5.0,"Glowing review with repeated visits, love for food, and no negatives. Enthusiastic language indicates 5 stars.",5,"High F (excellent food, desserts) and S (no long waits). Overall_score >=0.80. No overrides."
1ShyhjZOoavLH7LArfKwmA,2,3.0,"The review mixes positive notes with significant complaints about smell, slow service, and food quality.",3.0,"Severe sewage smell, slow service, and overpriced poor food quality create strong negatives, but willingness to return keeps it from being lower.",2,"F=0.4 (decent sushi, bad calamari), S=0.1 (unfriendly hostesses, very slow), P=0.2 (overpriced), A=0.6 (cute patio, sewage smell). Overall 0.335 → 2 stars. No severe safety keywords."
zw2jx70RaKSE5k1sW9e3Gw,2,2.0,"Negative sentiment: disappointed with unflavorful fillings and texture, despite the great fry bread itself.",2.0,"Fry bread itself was great, but fillings were flavorless, texture issues, and overall disappointment led to a strong downgrade.",2,Food quality low (F=0.2) due to unflavorful beans/beef and unmelted cheese; Service/Ambiance neutral; overall_score 0.27 → 2 stars.
9kfqX0jlaCvU2rTeTMw7CA,5,5.0,"Strong positive sentiment: enthusiastic praise for technician, cleanliness, and overall experience.",5.0,"Excellent service from Christine, clean facility, fair pricing, and no pressure sales. All-around positive experience with no negatives.",5,"High Service (technician great, informative), Cleanliness (very clean), and Ambiance (comfortable). Price perceived as fair. Overall score >= 0.80 → 5 stars."
5-OpMBN0GGKmZjmBY0sZXA,1,1.0,Extremely negative sentiment due to hostile server behavior and sarcastic criticism.,1.0,"Server's rude private message is a severe service violation, overshadowing any positives → strong downgrade to 1 star.",1,"Severe service misconduct (hostile messaging) → F=0.0, S=0.0, overall_score=0.05 → 1 star."
WI4PbBLUGvL6PXrsPoyPgw,1,1.0,Strong negative sentiment: feeling insulted and disgusted by management's rude behavior justifies 1 star.,1.0,"Severe service incident with rude GM and forced exit, no compensation, strong negative sentiment → 1 star.",1,"Service extremely negative (rude, ejected); Ambiance negative. No severe safety keywords. Overall_score low. Override: severe service failure → 1 star."
DiwXHl9QnIeNghmD5LdGAQ,5,5.0,"Extremely enthusiastic review praising the food, service, owner, and even bathrooms.",5.0,"Extremely positive review with no negatives; praises food, service, owner, and ambiance. No downgrades.",5,"High F (everything liked, pastries awesome), S (awesome service, owner interaction), A (beautiful, comfortable, great bathrooms). Overall_score 0.95. No overrides."
JL-jE0hQDeJNJKxhAc45-w,5,5.0,"Overwhelmingly positive sentiment with enthusiastic praise for atmosphere, people, and value.",5.0,"Enthusiastic praise for atmosphere, friendly service, and cheap drinks with no negatives mentioned → 5 stars.",5,"High Service (friendly, chill) and Ambiance (great experience, social). Price positive ($4.25). Overall score >= 0.80. No overrides."
4Jr7NZisSBxabb-lGLRadg,4,5.0,"Strong positive sentiment: enthusiastic praise for food, atmosphere, and desire to return.",5.0,"Excellent food and atmosphere, praised by picky eater, eager to return → strong positive sentiment.",5,"High F (excellent, liked it a lot) and A (atmosphere excellent) scores; overall_score 0.85 → 5 stars."
-8a9TktdvoC01Xm69S6Q7w,4,5.0,Extremely positive sentiment: enthusiastic praise of the pizza and its impact on their visit.,5.0,Exceptional pizza with strong praise and no negatives → 5 stars.,5,"High Food score (fantastic, delicious) and positive Ambiance (beautiful fountain). Overall_score >= 0.80. No overrides."
c4wiS00iZNXpt2rvrKAXIg,4,5.0,"Strong positive sentiment: enthusiastic praise for food, beer, and desire to return.",,,5,High Food (0.9) and Service/Ambiance (0.8) scores. Overall 0.84. No overrides needed.
JH3SG03gem0PaOpn6nMA3Q,3,4.0,"Positive sentiment: satisfying experience with great service, good food, and entertainment, despite weak drinks.",4.0,"Great service, exceeded expectations on food, and fun atmosphere. Weak drinks were a minor complaint, not a dealbreaker.",4,"F=0.8 (tender ribs, exceeded expectations), S=0.8 (attentive waitresses), A=0.9 (fun entertainment), P=0.5 (weak drinks). Overall_score=0.795 → 4 stars."
jStvwAVYJz0j62km6FTlmQ,5,5.0,"Strong positive sentiment: enthusiastic praise for authentic food, large portions, and friendly service.",5.0,"Strong praise for food, portions, and service with no negatives. Minor location wish doesn't detract.",5,"High F and S scores (delicious food, friendly service); overall_score >=0.80 → 5 stars."
o6XthGhcUosK9LAFopu4gw,3,3.0,"Mixed sentiment: positive atmosphere and ingredients, but disappointing execution leads to 3 stars.",3.0,"Praise for atmosphere and ingredients, but menu overpromised on dish quality → balanced but disappointing → 3 stars.",3,Strong A and implied F; S and P neutral; overall_score ~0.55; no overrides → 3 stars.
IXEe6N49j-pY85wy9qkcFg,5,5.0,"Extremely positive review praising fresh food, variety, and service, calling it a must-visit.",5.0,"Extremely positive review praising fresh food, variety, and custom options across multiple stations with no negatives mentioned.",5,"High F (fresh, tasty, variety), S (custom, attentive), A (vibrant). Overall_score 0.95. No overrides."
lgNrXPBDKbyTQxE-w7Fvcg,5,5.0,Strong positive sentiment: enthusiastic praise of beer and scenery.,4.0,Positive focus on beer and scenery with no negatives mentioned → 4 stars.,4,Positive ambiance (A=1.0). No explicit food/service/price details; default neutral scores. Overall 0.65 → 4 stars.
o3xGMG9DkEt0_FAYkc8suw,3,2.0,Negative sentiment: outdated room and unbearable heat outweigh positive check-in kiosks.,2.0,"Severe temperature issue and outdated room caused discomfort, despite efficient kiosks. Negativity bias heavily outweighs minor positives.",3,Service (S=0.8) and Ambiance (A=0.2) drive score 0.56 → 3 stars. No overrides.
t8z_np9fch9CdDbLrqyQzA,5,5.0,"Extremely positive sentiment: strong praise for selection, prices, and overall quality.",5.0,"Strong positive language with praise for selection, quality, and cheap prices → 5 stars.",5,"High F, S, and P scores; overall_score >=0.80; explicit superlative 'best' → 5 stars."
3cyAn0CQohU9C23AxKR2gA,5,5.0,Strong positive sentiment: enthusiastic praise for gluten-free options and recommendation.,5.0,Strong positive recommendation for gluten-free diners with no negatives mentioned → 5 stars.,5,High F and A scores; overall_score >=0.80 → 5 stars.
zi2VEl-63LSuJhXQF8UV0w,4,4.0,"Positive sentiment with minor complaints about chairs and food selection, leading to a 4-star rating.",4.0,"Strong positives for coffee, atmosphere, and service. Minor negatives (uncomfortable chair, limited food) are acknowledged but don't outweigh the overall experience.",4,"High F (delicious mocha), S (friendly barista), A (quiet, study-friendly). P neutral (limited food). Chair comfort minor negative. Overall_score ~0.73 → 4 stars."
vwHmBJ5YKbZxNFtmP2KpRQ,4,5.0,"Overwhelmingly positive sentiment with enthusiastic praise for multiple dishes, vibe, and service.",4.0,"Strong positives on food (multiple 'must tries') and service, with minor complaints on flavor and texture → 4 stars.",5,High Food (0.9) and Ambiance (1.0) scores; Service positive (0.7). Overall 0.88. No overrides.
on6nBRNfAS-Yw4z0M1Zfiw,5,5.0,Strong positive sentiment: enthusiastic praise of flavors and fresh fruit features.,5.0,Enthusiastic praise for flavors and fresh fruit with no negatives → high rating.,5,"High F (great flavors, fresh fruit) and A (awesome feature) scores; overall_score >=0.80 → 5 stars."
NiYiXSGSMqd_JehbwG7txA,5,5.0,"Extremely positive review praising food quality, freshness, and friendly staff.",5.0,"Enthusiastic praise for food, freshness, and service with no negatives → 5 stars.",5,"High F (fresh, delicious, made-to-order) and S (friendly, attentive) scores; overall_score >=0.80 → 5 stars."
ygTUOgZn4aXyDMToOq6c6Q,5,5.0,Strong positive sentiment: enthusiastic praise of family-friendly atmosphere and amenities.,5.0,"Strong positive sentiment, kid-friendly amenities, and value pricing → 5 stars.",5,"Strong positive on Ambiance (family-friendly patio, activities) and Price (small amount of $). Food/Service not mentioned but experience is excellent. Overall_score >=0.80 → 5 stars."
YU4nmER8zVduSmCTjyFdrQ,3,4.0,"Strong positive sentiment about food and staff, despite negative feelings about the music.",4.0,"Excellent food and staff, but loud, annoying music created a negative contrast. Overall positive experience warrants 4 stars.",4,"High F (amazing pulled pork), S (super welcoming), C (very clean). A is mixed (cleanliness good, music bad). Overall 0.73 → 4 stars. No overrides."
QPQrw4Z3RuD36yFMibywzw,4,4.0,"Overwhelmingly positive sentiment with nostalgic praise for food, drinks, and staff, despite minor service complaints.",4.0,"Extremely positive tone with praise for food, drinks, and server, but a severe service complaint about long wait times on the patio drops it to 4 stars.",4,"High F, S, P, A scores (0.9, 0.9, 0.9, 0.9). Overall 0.90. Override: Service wait complaint reduces 5 to 4."
jK5mzt25I1NKnjyK_fJeJQ,2,3.0,"The reviewer expresses mixed feelings, balancing 'ok' quality with a personal bonus star, resulting in a neutral rating.",3.0,"Mediocre flavors and toppings, inconvenient location, but friend's happiness and snow machine prompted an artificial star boost.",2,"Food quality (F) is low/neutral (ok flavors, tart). Ambiance (A) is negative (snow machine out of place). Price/value (P) is negative (not worth the drive). Service (S) and Cleanliness (C) are neutral/absent. Overall score ~0.30. No overrides triggered."
4t1PoFnjZqt17irZRSGCew,5,5.0,"Strong positive sentiment: enthusiastic praise of consistency, food, and staff.",5.0,"Long-term patronage, consistent quality, and very nice staff indicate strong satisfaction with no negatives.",5,High Food (0.9) and Service (0.9) scores drive overall 0.88. No overrides; consistent praise yields 5 stars.
